url,status
http://www.parks.vic.gov.au/places-to-see/parks/alpine-national-park/where-to-stay/7-Mile-Flat-Camping-Area,200
http://www.parks.vic.gov.au/places-to-see/parks/alpine-national-park/where-to-stay/8-Mile-Flat-Camping-Area,200
http://www.parks.vic.gov.au/places-to-see/parks/brisbane-ranges-national-park/where-to-stay/boar-gully-campground,200
http://www.parks.vic.gov.au/places-to-see/parks/brisbane-ranges-national-park/where-to-stay/fridays-campground,200
http://www.parks.vic.gov.au/places-to-see/parks/cape-conran-coastal-park/where-to-stay/banksia-bluff-campground,200
http://www.parks.vic.gov.au/places-to-see/parks/cape-liptrap-coastal-park/where-to-stay/bear-gully-campground,200
http://www.parks.vic.gov.au/places-to-see/parks/cathedral-range-state-park/where-to-stay/camping-in-cathedral-range,200
http://www.parks.vic.gov.au/places-to-see/parks/cathedral-range-state-park/where-to-stay/cooks-mill-camping-area,200
http://www.parks.vic.gov.au/places-to-see/parks/cathedral-range-state-park/where-to-stay/neds-gully-camping-area,200
http://www.parks.vic.gov.au/places-to-see/parks/croajingolong-national-park/where-to-stay/mueller-inlet-campground,200
http://www.parks.vic.gov.au/places-to-see/parks/croajingolong-national-park/where-to-stay/peachtree-creek-campground,200
http://www.parks.vic.gov.au/places-to-see/parks/croajingolong-national-park/where-to-stay/shipwreck-creek-campground,200
http://www.parks.vic.gov.au/places-to-see/parks/croajingolong-national-park/where-to-stay/thurra-river-campground,200
http://www.parks.vic.gov.au/places-to-see/parks/croajingolong-national-park/where-to-stay/wingan-inlet-campground,200
http://www.parks.vic.gov.au/places-to-see/parks/discovery-bay-coastal-park/where-to-stay/lake-mombeong-campground,200
http://www.parks.vic.gov.au/places-to-see/parks/discovery-bay-coastal-park/where-to-stay/swan-lake-campground,200
http://www.parks.vic.gov.au/places-to-see/parks/french-island-national-park/where-to-stay/fairhaven-campground,200
http://www.parks.vic.gov.au/places-to-see/parks/gippsland-lakes-coastal-park/where-to-stay/paradise-beach-campground,200
http://www.parks.vic.gov.au/places-to-see/parks/grampians-national-park/where-to-stay/boreang-campground,200
http://www.parks.vic.gov.au/places-to-see/parks/grampians-national-park/where-to-stay/borough-huts-campground,200
http://www.parks.vic.gov.au/places-to-see/parks/grampians-national-park/where-to-stay/buandik-campground,200
http://www.parks.vic.gov.au/places-to-see/parks/grampians-national-park/where-to-stay/first-wannon-hiker-camp-major-mitchell-plateau,200
http://www.parks.vic.gov.au/places-to-see/parks/grampians-national-park/where-to-stay/jimmy-creek-campground,200
http://www.parks.vic.gov.au/places-to-see/parks/grampians-national-park/where-to-stay/smiths-mill-campground,200
http://www.parks.vic.gov.au/places-to-see/parks/grampians-national-park/where-to-stay/stapylton-campground,200
http://www.parks.vic.gov.au/places-to-see/parks/grampians-national-park/where-to-stay/strachans-campground,200
http://www.parks.vic.gov.au/places-to-see/parks/grampians-national-park/where-to-stay/troopers-creek-campground,200
http://www.parks.vic.gov.au/places-to-see/parks/great-otway-national-park/where-to-stay/aire-river-east-campground,200
http://www.parks.vic.gov.au/places-to-see/parks/great-otway-national-park/where-to-stay/aire-river-west-campground,200
http://www.parks.vic.gov.au/places-to-see/parks/great-otway-national-park/where-to-stay/allenvale-campground,200
http://www.parks.vic.gov.au/places-to-see/parks/great-otway-national-park/where-to-stay/blanket-bay-campground,200
http://www.parks.vic.gov.au/places-to-see/parks/great-otway-national-park/where-to-stay/lake-elizabeth-campground,200
http://www.parks.vic.gov.au/places-to-see/parks/hattah---kulkyne-national-park/where-to-stay/lake-hattah-camping-area,200
http://www.parks.vic.gov.au/places-to-see/parks/howqua-hills-historic-area/where-to-stay/camping-with-your-horse-in-the-howqua-hills,200
http://www.parks.vic.gov.au/places-to-see/parks/lake-eildon-national-park/where-to-stay/candlebark-campground,200
http://www.parks.vic.gov.au/places-to-see/parks/lake-eildon-national-park/where-to-stay/devil-cove-campground,200
http://www.parks.vic.gov.au/places-to-see/parks/lake-eildon-national-park/where-to-stay/jerusalem-creek-campground,200
http://www.parks.vic.gov.au/places-to-see/parks/lake-eildon-national-park/where-to-stay/lakeside-campground,200
http://www.parks.vic.gov.au/places-to-see/parks/little-desert-national-park/where-to-stay/ackle-bend-camping-area,200
http://www.parks.vic.gov.au/places-to-see/parks/little-desert-national-park/where-to-stay/horseshoe-bend-camping-area,200
http://www.parks.vic.gov.au/places-to-see/parks/lower-glenelg-national-park/where-to-stay/battersbys-campground,200
http://www.parks.vic.gov.au/places-to-see/parks/lower-glenelg-national-park/where-to-stay/forest-north-campground,200
http://www.parks.vic.gov.au/places-to-see/parks/lower-glenelg-national-park/where-to-stay/forest-south-campground,200
http://www.parks.vic.gov.au/places-to-see/parks/lower-glenelg-national-park/where-to-stay/glenelg-river-canoe-trail,200
http://www.parks.vic.gov.au/places-to-see/parks/lower-glenelg-national-park/where-to-stay/hutchessons-campground,200
http://www.parks.vic.gov.au/places-to-see/parks/lower-glenelg-national-park/where-to-stay/mclennans-punt-campground,200
http://www.parks.vic.gov.au/places-to-see/parks/lower-glenelg-national-park/where-to-stay/princess-margaret-rose-cave-campground,200
http://www.parks.vic.gov.au/places-to-see/parks/lower-glenelg-national-park/where-to-stay/pritchards-campground,200
http://www.parks.vic.gov.au/places-to-see/parks/lower-glenelg-national-park/where-to-stay/red-gum-landing-campground,200
http://www.parks.vic.gov.au/places-to-see/parks/lower-glenelg-national-park/where-to-stay/wild-dog-bend-campground,200
http://www.parks.vic.gov.au/places-to-see/parks/lower-glenelg-national-park/where-to-stay/wilson-hall-campground,200
http://www.parks.vic.gov.au/places-to-see/parks/marlo-coastal-reserve/where-to-stay/corringle-foreshore-campground,200
http://www.parks.vic.gov.au/places-to-see/parks/mount-arapiles-tooan-state-park/where-to-stay/camping-in-mount-arapiles-tooan-state-park,200
http://www.parks.vic.gov.au/places-to-see/parks/mount-buangor-state-park/where-to-stay/middle-creek-camping-area,200
http://www.parks.vic.gov.au/places-to-see/parks/mount-buffalo-national-park/where-to-stay/lake-catani-campground,200
http://www.parks.vic.gov.au/places-to-see/parks/murray---sunset-national-park/where-to-stay/camping-in-murray-sunset-national-park,200
http://www.parks.vic.gov.au/places-to-see/parks/murray---sunset-national-park/where-to-stay/shearers-quarters,200
http://www.parks.vic.gov.au/places-to-see/parks/upper-yarra-reservoir-park/where-to-stay/upper-yarra-reservoir-camping-area,200
http://www.parks.vic.gov.au/places-to-see/parks/wilsons-promontory-national-park/where-to-stay/Camping-and-accommodation,200
http://www.parks.vic.gov.au/places-to-see/parks/wilsons-promontory-national-park/where-to-stay/southern-overnight-hikes/halfway-hut-camping-area,200
http://www.parks.vic.gov.au/places-to-see/parks/wilsons-promontory-national-park/where-to-stay/southern-overnight-hikes/little-waterloo-bay-camping-area,200
http://www.parks.vic.gov.au/places-to-see/parks/wilsons-promontory-national-park/where-to-stay/southern-overnight-hikes/refuge-cove-camping-area,200
http://www.parks.vic.gov.au/places-to-see/parks/wilsons-promontory-national-park/where-to-stay/southern-overnight-hikes/roaring-meg-camping-area,200
http://www.parks.vic.gov.au/places-to-see/parks/wilsons-promontory-national-park/where-to-stay/southern-overnight-hikes/sealers-cove-camping-area,200
http://www.parks.vic.gov.au/places-to-see/parks/wilsons-promontory-national-park/where-to-stay/stockyard-picnic-area,200
http://www.parks.vic.gov.au/places-to-see/parks/wilsons-promontory-national-park/where-to-stay/tidal-river-accommodation,200
http://www.parks.vic.gov.au/places-to-see/parks/wyperfeld-national-park/where-to-stay/wonga-camping-area,200
http://www.parks.vic.gov.au/places-to-see/parks/yarra-valley-parklands/where-to-stay/longridge-campground,200
https://www.parks.vic.gov.au/places-to-see/parks/buchan-caves-reserve/where-to-stay/buchan-caves-camping,200
https://www.parks.vic.gov.au/places-to-see/parks/wyperfeld-national-park/where-to-stay/other-camping-areas-in-wyperfeld-national-park,200
https://www.parks.vic.gov.au/places-to-see/sites/82-bend-camping-area-1,200
https://www.parks.vic.gov.au/places-to-see/sites/82-bend-camping-area-2,200
https://www.parks.vic.gov.au/places-to-see/sites/84-bend-camping-area,200
https://www.parks.vic.gov.au/places-to-see/sites/86-bend-camping-area-1,200
https://www.parks.vic.gov.au/places-to-see/sites/86-bend-camping-area-2,200
https://www.parks.vic.gov.au/places-to-see/sites/86-bend-camping-area-3,200
https://www.parks.vic.gov.au/places-to-see/sites/aberfeldy-river-camping-area,200
https://www.parks.vic.gov.au/places-to-see/sites/barmah-lakes-camping-area,200
https://www.parks.vic.gov.au/places-to-see/sites/barton-track-camping-area-1,200
https://www.parks.vic.gov.au/places-to-see/sites/barton-track-camping-area-2,200
https://www.parks.vic.gov.au/places-to-see/sites/batemans-track-camping-area,200
https://www.parks.vic.gov.au/places-to-see/sites/bell-bend-camping-area-2,200
https://www.parks.vic.gov.au/places-to-see/sites/bells-bend-camping-area-1,200
https://www.parks.vic.gov.au/places-to-see/sites/big-river-camping-area,200
https://www.parks.vic.gov.au/places-to-see/sites/bonnemans-bend-camping-area,200
https://www.parks.vic.gov.au/places-to-see/sites/bonnemans-bend-camping-area-site-1,200
https://www.parks.vic.gov.au/places-to-see/sites/bonnemans-bend-camping-area-site-2,200
https://www.parks.vic.gov.au/places-to-see/sites/bonnemans-bend-camping-area-site-3,200
https://www.parks.vic.gov.au/places-to-see/sites/broken-river-bend-camping-area-1,200
https://www.parks.vic.gov.au/places-to-see/sites/broken-river-bend-camping-area-2,200
https://www.parks.vic.gov.au/places-to-see/sites/broken-river-bend-camping-area-3,200
https://www.parks.vic.gov.au/places-to-see/sites/broken-river-bend-camping-area-4,200
https://www.parks.vic.gov.au/places-to-see/sites/cemetery-bend-camping-area-1,200
https://www.parks.vic.gov.au/places-to-see/sites/cemetery-bend-camping-area-2,200
https://www.parks.vic.gov.au/places-to-see/sites/cemetery-bend-camping-area-3,200
https://www.parks.vic.gov.au/places-to-see/sites/cemetery-bend-camping-area-4,200
https://www.parks.vic.gov.au/places-to-see/sites/cemetery-bend-camping-area-5,200
https://www.parks.vic.gov.au/places-to-see/sites/cemetery-bend-west-camping-area-1,200
https://www.parks.vic.gov.au/places-to-see/sites/cemetery-bend-west-camping-area-2,200
https://www.parks.vic.gov.au/places-to-see/sites/cobrawonga-creek-camping-area,200
https://www.parks.vic.gov.au/places-to-see/sites/dalley-bend-camping-area,200
https://www.parks.vic.gov.au/places-to-see/sites/doc-grahams-hut-camping-area,200
https://www.parks.vic.gov.au/places-to-see/sites/eastern-tyers-camping-area,200
https://www.parks.vic.gov.au/places-to-see/sites/gravel-bend-camping-area,200
https://www.parks.vic.gov.au/places-to-see/sites/halfway-bend-camping-area-1,200
https://www.parks.vic.gov.au/places-to-see/sites/halfway-bend-camping-area-2,200
https://www.parks.vic.gov.au/places-to-see/sites/hicks-camping-area,200
https://www.parks.vic.gov.au/places-to-see/sites/hiscocks-camping-area,200
https://www.parks.vic.gov.au/places-to-see/sites/kalymna-campground,200
https://www.parks.vic.gov.au/places-to-see/sites/kangaroo-track-camping-area,200
https://www.parks.vic.gov.au/places-to-see/sites/kate-malone-bend-camping-area-1,200
https://www.parks.vic.gov.au/places-to-see/sites/kate-malone-bend-camping-area-2,200
https://www.parks.vic.gov.au/places-to-see/sites/kate-malone-bend-camping-area-3,200
https://www.parks.vic.gov.au/places-to-see/sites/leaghur-camp-area,200
https://www.parks.vic.gov.au/places-to-see/sites/long-bend-camping-area,200
https://www.parks.vic.gov.au/places-to-see/sites/mcclures-bend-camping-area-1,200
https://www.parks.vic.gov.au/places-to-see/sites/mcclures-bend-camping-area-2,200
https://www.parks.vic.gov.au/places-to-see/sites/mcclures-bend-camping-area-3,200
https://www.parks.vic.gov.au/places-to-see/sites/mcclures-bend-camping-area-4,200
https://www.parks.vic.gov.au/places-to-see/sites/mcclures-bend-camping-area-5,200
https://www.parks.vic.gov.au/places-to-see/sites/mckay-mill-bend-camping-area-1,200
https://www.parks.vic.gov.au/places-to-see/sites/mckay-mill-bend-camping-area-2,200
https://www.parks.vic.gov.au/places-to-see/sites/melville-caves-camping-area,200
https://www.parks.vic.gov.au/places-to-see/sites/mopoke-bend-camping-area,200
https://www.parks.vic.gov.au/places-to-see/sites/munroe-track-camping-area-1,200
https://www.parks.vic.gov.au/places-to-see/sites/munroe-track-camping-area-2,200
https://www.parks.vic.gov.au/places-to-see/sites/nevins-beach-camping-area-,200
https://www.parks.vic.gov.au/places-to-see/sites/norris-bend-camping-area-1,200
https://www.parks.vic.gov.au/places-to-see/sites/norris-bend-camping-area-2-,200
"https://www.parks.vic.gov.au/places-to-see/sites/nursery-bend-no,-d-,-1-camping-area-1",200
"https://www.parks.vic.gov.au/places-to-see/sites/nursery-bend-no,-d-,-1-camping-area-2",200
"https://www.parks.vic.gov.au/places-to-see/sites/nursery-bend-no,-d-,-1-camping-area-3",200
"https://www.parks.vic.gov.au/places-to-see/sites/nursery-bend-no,-d-,-1-camping-area-4",200
"https://www.parks.vic.gov.au/places-to-see/sites/nursery-bend-no,-d-,-2-camping-area",200
"https://www.parks.vic.gov.au/places-to-see/sites/nursery-bend-no,-d-,-3-camping-area-1",200
"https://www.parks.vic.gov.au/places-to-see/sites/nursery-bend-no,-d-,-3-camping-area-2",200
"https://www.parks.vic.gov.au/places-to-see/sites/o,-d-,t,-d-,i,-d-,t,-d-,-camping-area",200
https://www.parks.vic.gov.au/places-to-see/sites/old-headworks-camping-area,200
https://www.parks.vic.gov.au/places-to-see/sites/peter-creek-camping-area-1,200
https://www.parks.vic.gov.au/places-to-see/sites/peter-creek-camping-area-2,200
https://www.parks.vic.gov.au/places-to-see/sites/plantation-campground,200
https://www.parks.vic.gov.au/places-to-see/sites/raymond-creek-falls-camping-area,200
https://www.parks.vic.gov.au/places-to-see/sites/robertson-track-camping-area,200
https://www.parks.vic.gov.au/places-to-see/sites/sandbar-bend-camping-area-1,200
https://www.parks.vic.gov.au/places-to-see/sites/sandbar-bend-camping-area-2,200
https://www.parks.vic.gov.au/places-to-see/sites/sandbar-bend-camping-area-3,200
https://www.parks.vic.gov.au/places-to-see/sites/scottys-bend-camping-area-,200
https://www.parks.vic.gov.au/places-to-see/sites/social-bend-camping-area-1,200
https://www.parks.vic.gov.au/places-to-see/sites/social-bend-camping-area-2,200
https://www.parks.vic.gov.au/places-to-see/sites/waratah-flat-campground,200
https://www.parks.vic.gov.au/places-to-see/sites/wattle-track-camping-area-1,200
https://www.parks.vic.gov.au/places-to-see/sites/wattle-track-camping-area-2,200
https://www.parks.vic.gov.au/places-to-see/sites/wattle-track-camping-area-3,200
https://www.parks.vic.gov.au/places-to-see/sites/wee-wee-rup-camping-area,200
https://www.parks.vic.gov.au/places-to-see/sites/williams-bend-camping-area-3,200
https://www.parks.vic.gov.au/places-to-see/sites/woolshed-creek-camping-area,200
https://www.parks.vic.gov.au/places-to-see/sites/yaapeet-beach-campground,200
